i,x,y,radius,DifPointsPercent,PixelsWithin,Mean_ndvi,Std_ndvi,Mean_savi,Std_savi,Mean_amplitude,Std_amplitude,Mode_lulc
22,7438,1430,25,95.0,233,0.9027333651738898,0.06582696313854591,0.7304764774596655,0.09068475591358574,0.5891932518839471,0.09913115290085724,39
0,7404,1674,25,96.23188405797102,382,0.7761346661091476,0.08529519990291302,0.5650160422214205,0.08328864429705818,0.4057959974814628,0.08298754227667417,39
24,7534,1612,25,96.37561779242175,325,0.7540449142299817,0.08879880417689753,0.5202806766648228,0.07655422307589509,0.3837442247692598,0.08558530973983226,39
23,7456,1434,25,95.17819706498952,202,0.8877403651746197,0.06894577207448459,0.7195080524451246,0.08246542619197408,0.5818529228304296,0.08388833117834746,39
30,6148,6378,25,96.03603603603604,328,0.7286975042509585,0.1020083683651205,0.5182834381604622,0.09620651023974401,0.3879431342749212,0.09590656391722831,39
21,7328,1356,23,96.08938547486034,285,0.7418379490774302,0.09507024375563099,0.49007903070610315,0.0892075708593318,0.3601248609448257,0.09805998006634867,39
38,6282,6592,23,96.44760213143873,314,0.733962215798537,0.12002644160135881,0.5319539202165385,0.11406989496384183,0.4005147444121331,0.12082493834783836,41
31,7404,1410,25,95.79684763572679,304,0.8115608181923224,0.15292598307810062,0.6196628724476717,0.16227539399151888,0.49897957943760707,0.16309237915416006,39
35,7378,1356,25,96.26485568760611,320,0.9119176101012748,0.04235178673992312,0.7166546205210863,0.054437659348771185,0.6146866746894549,0.0566171093097395,39
26,6278,6614,23,96.37931034482759,287,0.8178489401837747,0.059508776057422746,0.6034803358284203,0.06969044236847642,0.47282097129600503,0.08181144393649838,41
18,7280,1344,25,96.07250755287009,360,0.8649432569572946,0.038762740640865594,0.6103109651358694,0.046452411907631316,0.48503013594460936,0.06331098390418007,39
19,7542,1356,25,96.17486338797814,407,0.9105246914375709,0.034782143048168304,0.7171566044466627,0.06456493435085388,0.5819091849084398,0.0766233688851618,39
29,7558,1324,23,96.27749576988155,326,0.9020686452027671,0.07664510796623332,0.6963297602877758,0.08818386307476582,0.5585577191664375,0.09006849858001713,39
14,7372,1748,23,95.27272727272727,273,0.4635016549718678,0.11043331922524673,0.2962667327611681,0.07756647893327809,0.19484352211010572,0.07679434565410592,39
37,7552,1610,25,96.27228525121556,339,0.6871383093287716,0.1275615064006891,0.4702270865544527,0.10433078827744263,0.31779925445116675,0.12524922084544146,39
10,7336,1278,25,96.56357388316151,338,0.8651900552783306,0.13977212613449014,0.6728872726311004,0.1220626048921708,0.5565462393804,0.08663533646908265,39
34,7506,1480,23,96.03340292275574,250,0.694441984968487,0.09907133453116337,0.47938482078102884,0.07737659828122712,0.360157758802981,0.08782814083252824,39
6,7574,1570,23,95.66037735849056,278,0.49088111043458565,0.16473079370332527,0.3423567786112832,0.11819335144959066,0.1692883973714246,0.12115752350755028,39
27,7352,1388,25,96.01328903654485,320,0.7566697670023949,0.1487977318270124,0.5342845004906348,0.14821222605026582,0.40877361168581205,0.16581480132873652,39
32,5436,2368,23,96.1082910321489,300,0.745409258101316,0.04862218875236726,0.5080476492901714,0.05150627138888602,0.3210055210543554,0.05067101590899794,41
20,5620,7284,23,96.40625,336,0.7089835971457079,0.11059652931789957,0.509567363625549,0.08529511345726942,0.33535779507290275,0.07265783429969833,41
17,5604,7264,25,96.96969696969697,412,0.654822793308696,0.173525578546359,0.4645501192107426,0.12723703927293123,0.2904328314978882,0.11478050457239879,41
36,7516,1452,25,95.97701149425288,301,0.7151511286142457,0.1217542118008243,0.46971005573055014,0.11138158062962007,0.3469535731602673,0.11473699615021779,39
28,7540,1450,23,95.99303135888502,295,0.7150356792510012,0.10310566423541669,0.4794383551896925,0.07630497804706891,0.34192122854881296,0.08763476130952388,39
2,7376,1414,23,95.71150097465888,266,0.7377018466523446,0.14248492813654828,0.5197146494874293,0.13726567120383124,0.4012764073767752,0.1515555366227147,41
11,7358,1340,25,96.03174603174604,351,0.8459768676638031,0.11115235011178409,0.6318731908000885,0.1252247855597387,0.518070618386428,0.13985262861891595,39
25,7590,1332,25,96.661101836394,369,0.7555735006817775,0.1797147783132871,0.5151125056455103,0.148794851181808,0.3609590319938207,0.1603694251310569,39
15,7270,1328,23,95.98540145985402,299,0.8705257824766945,0.06083162571568426,0.6336339033270052,0.07450328540316933,0.5069244847742652,0.09622599366526866,39
8,7534,1594,25,96.09375,370,0.768583109072589,0.08384453094504438,0.5372442704991203,0.0673380552672951,0.38988439198428754,0.06593244738124024,39
13,7384,1686,25,96.88888888888889,380,0.6758981948729007,0.16066922412707318,0.4921810867198954,0.1404472536107898,0.34222966188124665,0.13893263858732685,39
1,7406,1656,26,96.3172804532578,417,0.83261135800051,0.04748044302570017,0.6111786270987195,0.05207161357937696,0.45789055673263535,0.062306565555345785,39
33,5640,7272,23,95.98603839441536,306,0.7312726977070881,0.10996685947503217,0.5529755874708379,0.10684155060784606,0.37275870056221644,0.09343375529755095,41
7,7288,1308,26,96.23955431754875,398,0.8662659174998439,0.05192456835857417,0.6523240331334091,0.0670369993417074,0.5435095187891662,0.07898508037768251,39
9,7314,1336,25,96.17940199335548,305,0.8206379741964095,0.06124651349196085,0.5647645524335564,0.0826450900281993,0.435013632135862,0.09715677086433791,39
4,7388,1656,23,96.57657657657657,299,0.8209289098077742,0.061226422448396045,0.5982223624541163,0.06990765006438175,0.4489691580651914,0.07190603351820117,39
12,7370,1706,25,96.63250366032212,399,0.5036550300474926,0.14735786479337312,0.3467202716685633,0.11534361786458075,0.2049542947620635,0.11446243227301806,39
16,7308,1294,26,95.76399394856278,355,0.869126106858788,0.06481900394777267,0.6726595814914252,0.08296816280327532,0.5581986738548831,0.07866650862850003,39
5,7362,1374,25,95.95015576323988,326,0.832465683687405,0.12305317759669238,0.6247841062869709,0.1326616842548404,0.5129060466094744,0.1504024615599241,39
3,5912,6206,25,96.20462046204621,331,0.8699897661017455,0.048117713522037114,0.7112248982597824,0.08980236979720331,0.5775357932698628,0.10031117123229535,39
47,6586,3760,23,95.52529182879377,287,0.6489891981680378,0.17435542496673262,0.4430219379464076,0.12770534139065295,0.3186688563543762,0.12372624317904735,41
49,7412,1292,23,95.34313725490196,207,0.8798789093256606,0.08890456359139148,0.6707576896833337,0.10437496656319327,0.5366645541638527,0.11199796984100611,39
41,7380,1394,23,95.91836734693878,252,0.8388819439048855,0.1353383525549075,0.6471642578122325,0.1456332662431792,0.5497969351803873,0.16069017746809275,39
43,7356,1286,25,96.49122807017544,340,0.8375573158459457,0.13115552843784087,0.631796124269604,0.12469152108490822,0.4951497731515421,0.12780970655051271,39
45,7484,1414,25,95.75971731448763,324,0.8720312952839062,0.05842146008057689,0.6757794071840063,0.06152362906874688,0.5287388299440078,0.06419087029626841,39
50,5548,7582,25,95.3125,275,0.8135803576331839,0.05349425473630054,0.6104330343718384,0.07773761129814968,0.4658970709916832,0.06995339002918124,41
61,6202,6520,25,95.54655870445345,240,0.7890363582464845,0.09736495022347125,0.6082380455086563,0.11723989804747889,0.47475893579361583,0.12409424860198835,41
39,7324,1302,23,95.72301425661914,212,0.8732468772457304,0.06445186555301341,0.6652357684204251,0.10460469583015983,0.5301092457765222,0.11057162246706558,39
40,7360,1800,23,95.71183533447685,293,0.48142237513725517,0.09599190214475212,0.34565447285307843,0.0999199332116398,0.2370106201544822,0.10639235452733882,39
46,6144,6350,23,96.35761589403974,311,0.7982187958805613,0.0707462882349583,0.5987919216205245,0.07787089549733218,0.45891359752383176,0.07437738076468134,39
54,7560,1628,23,96.34615384615384,264,0.6630432705751201,0.10253413702108143,0.4340622554320186,0.08509729500004808,0.26330529655720186,0.1090451555729581,39
42,7546,1578,23,96.28318584070796,317,0.694674588409326,0.15725254000204644,0.49483505450664034,0.11447123114231632,0.3320753137909557,0.11957056515620522,39
48,7366,1776,23,95.47920433996383,278,0.46144759069134667,0.06720710413237699,0.313910263539698,0.062135731471127484,0.20989782796685397,0.062452242591355206,39
52,5674,7152,23,96.56946826758147,304,0.77275328828266,0.05387524126337149,0.5469594975170707,0.05120402927638161,0.41129659019763953,0.061480228627414785,41
53,7314,1274,25,96.21342512908778,324,0.8338367201423686,0.10758336697918591,0.6305138895010626,0.11802206321969216,0.5019767595463329,0.12313762949632616,39
55,5692,6950,25,94.28571428571429,229,0.8086049412082199,0.048920175646950816,0.5845789799345482,0.05470279946804519,0.4149431055187919,0.060865241737594084,41
51,7368,1312,25,96.01910828025478,354,0.8349064872508593,0.13496348561148547,0.6309896721791471,0.14145747646162332,0.5132474885588653,0.16053144732518468,39
62,5680,6928,26,93.7125748502994,145,0.8122047617199272,0.051889185962961416,0.5830659739736922,0.0645631820182006,0.41669195456087854,0.07003167798769838,15
73,7506,1390,23,95.78544061302682,274,0.8894155098430239,0.03758712715231287,0.6836374034266397,0.05646792113493272,0.5385958962541402,0.062000761603947054,39
58,7306,1354,23,95.97701149425288,270,0.8078458560540444,0.07345616325972427,0.5470193655803336,0.07745489000423109,0.41795983773782996,0.08773155500504046,39
69,5620,1568,23,94.88272921108742,250,0.7148931375393631,0.08083327483887154,0.4748932704413077,0.07002274715005409,0.30374217638247236,0.07222107401304034,41
77,7340,1794,17,94.32835820895522,129,0.5014182820163858,0.12460766631870879,0.37021390771686347,0.12643479871513294,0.2568758758654417,0.1354416274736201,39
65,7264,1354,23,95.85798816568047,265,0.8401893514993543,0.08333800915596253,0.5734136972133752,0.09097091706988802,0.41939017662188643,0.11538631009612987,39
59,7378,1288,23,95.50359712230215,297,0.8186871879931191,0.16227597266358645,0.6216503608229056,0.14608166062037733,0.4841452036842925,0.1517957634512082,39
71,6628,3778,23,95.65217391304348,242,0.7046679745426839,0.13206046383903172,0.4976580390542335,0.10511514823388328,0.3544854550588684,0.09451443923781623,41
60,5504,7170,21,95.53571428571429,204,0.8381060839276276,0.09578016338063808,0.688184128194164,0.09952344424432788,0.516087299051677,0.09654140872622155,41
44,7390,1310,25,95.84026622296173,332,0.8855279509471253,0.11083003037730078,0.7036243608329639,0.1112585719794977,0.5957000141824214,0.11980389745763699,39
63,7440,1390,25,95.48736462093864,306,0.8551023101744145,0.07950523851419437,0.6342601552052287,0.10450538050109102,0.4771184360632057,0.1373682152924783,41
72,7402,1380,23,96.05809128630706,247,0.9035219880222727,0.06380758766556342,0.7192232750435984,0.08180749602932874,0.6199266699231565,0.10140363750085882,39
56,6168,6324,25,96.41833810888252,381,0.8236294010604225,0.06411192740029026,0.6400766576687835,0.07406085224217457,0.4851795715007682,0.07508014534498972,39
57,7396,1328,25,95.62043795620438,314,0.9134628935222701,0.03723931141654397,0.7327670670586832,0.05260482565015508,0.6269286933581659,0.06658399099621398,39
64,6200,6330,23,95.32019704433498,209,0.8158303420498686,0.08729215703116436,0.6413455642816791,0.11127044443797407,0.5020595584169205,0.12058130328017723,39
76,7376,1816,18,95.27777777777777,147,0.4333098699103866,0.09156705514708982,0.2992563354490101,0.06192755477963897,0.18615895143414454,0.0688328072512774,41
70,6210,6552,23,95.33678756476684,206,0.8218603797070777,0.09186599237476538,0.6212676371514706,0.1295458819495696,0.49114965505742225,0.13613536748553978,41
67,6040,5754,25,95.28301886792453,187,0.7569006085005219,0.06550604895904931,0.5312169802115962,0.05210652961361651,0.3684311131493084,0.0647944557515516,41
74,5652,5666,17,92.25352112676056,105,0.8889184375586395,0.035792119146144316,0.7183072237814285,0.0462986461088869,0.5496497038352585,0.060460454867712066,39
68,7450,1408,25,96.44760213143873,312,0.8684244982120303,0.08071389345102517,0.6655915604115782,0.11085580996206273,0.5096362180041142,0.1357341218427482,39
75,7478,1394,23,95.73170731707317,244,0.8809992051258311,0.055545318303172095,0.6763264931992935,0.07706027207058855,0.5246835906155434,0.09397662850110748,39
80,7392,1706,23,95.56541019955654,256,0.5827293126468206,0.13063226150492488,0.38405298533973375,0.11350742108184245,0.23637300486971322,0.10723698819761548,39
66,7526,1376,23,96.37561779242175,334,0.8946103174609836,0.05203963007166826,0.6948862274741106,0.07496892038913855,0.5555071153244396,0.08262037477474152,39
85,5522,7574,17,94.52449567723343,146,0.7819240619325342,0.07959746843472963,0.5721814340991822,0.08866803653012881,0.42664464823802667,0.08015488910182073,41
82,5890,6210,18,94.31818181818181,144,0.8527072847316259,0.04601792783897512,0.6753496416239105,0.0689887805509746,0.537114951709195,0.07717397600810062,39
78,5530,1596,25,95.51569506726457,248,0.778527520860632,0.07899104356929229,0.503403739696926,0.07283925172822944,0.29316077438985066,0.08252154590773972,41
81,7520,1470,23,95.12670565302145,261,0.6991030671564916,0.10782942810097666,0.4772519922906923,0.07429516801429789,0.3573036080474212,0.08057679527174674,39
79,6614,3788,25,95.92760180995475,240,0.695704325919669,0.14671600324818027,0.4925708448479352,0.11318438213421891,0.3580156622911031,0.08919901120087594,41
83,7574,1588,18,93.63636363636364,148,0.5566789622592733,0.10354063981215679,0.3740949802524675,0.07049458042512032,0.19839069933065626,0.0788686055722085,39
84,5470,7148,17,94.15204678362574,129,0.8667519040029592,0.08522770876000489,0.6735156764753948,0.08513241764836822,0.492553817740154,0.07895500091526009,41
86,6606,3760,17,92.85714285714286,114,0.649505347673401,0.17848261471916863,0.4447056438882758,0.13495388334745248,0.3032467851301439,0.12586592296367932,41
90,5626,7260,18,95.15738498789347,176,0.6638719864966097,0.1146160510126262,0.4844028716499405,0.08964776877976464,0.31087901831479325,0.07817799299971577,41
89,5744,7064,19,94.8586118251928,179,0.8266698415923622,0.048905491772289235,0.5793728329409498,0.06783946270511958,0.40231166912401495,0.07291072408836516,41
91,7554,1562,18,93.7125748502994,133,0.5660131014972427,0.19252002824024483,0.4078894735046484,0.14137485509757036,0.23262462652952973,0.1466886494221371,39
87,5710,7090,26,95.77464788732394,251,0.8287149277989154,0.04654197584078411,0.5975223258228823,0.05695854777130989,0.4500977752940586,0.065889613101417,41
103,5586,7272,17,95.34246575342466,149,0.7416759899118709,0.08073446994487611,0.5146618477663601,0.06661261660309792,0.33761680400719996,0.06204142993133228,41
102,5486,7158,18,94.41489361702128,154,0.8453953007477659,0.09013758171426892,0.6574553334485375,0.10556134164892936,0.4898014229351126,0.09876541741710815,41
97,5694,6988,23,95.8592132505176,229,0.8094399332209913,0.06910235912004262,0.5901820128788333,0.07934679977303591,0.4124080699235429,0.07749479837757994,41
96,5434,2336,23,95.47511312217195,232,0.7095141003230346,0.06791217971254962,0.4785410968823314,0.061234291603150824,0.29334820862451055,0.054914041974610715,41
110,5616,5668,18,93.44262295081967,83,0.7414838540098833,0.08304020223113923,0.5379970101202493,0.07689212329750414,0.3384199362713473,0.08241445366955293,41
104,7362,1422,17,93.69085173501577,132,0.7584132906131981,0.11195425716674796,0.5143697132332542,0.09779550001900855,0.373168548498141,0.10163337215012422,39
94,7508,1424,25,94.98956158663883,244,0.7692360044463121,0.1377152269861336,0.5418101106996149,0.15885994585638355,0.39694060378066315,0.15386154559263263,39
108,7222,1392,23,94.82758620689656,190,0.6858065197323123,0.1279723560620142,0.41282393489638985,0.09276364083957107,0.24766801049565249,0.11060491549220387,39
99,7488,1474,23,94.6135831381733,216,0.6827547080446299,0.11034635781916406,0.4592442193972341,0.10675137815542342,0.3381485878387803,0.11372391192183746,39
95,7524,1408,25,95.1219512195122,250,0.7797685636605379,0.14038250671116828,0.5404667048643853,0.16674350691684006,0.39089724767176853,0.1667015978584558,39
107,7420,1412,23,95.57894736842105,244,0.8766802697233981,0.09620037452587386,0.682480179293918,0.11324604764597376,0.5378888892556015,0.12286118451212942,39
106,7406,1354,26,94.98910675381264,230,0.8548329396000989,0.11247527513560535,0.6458362624857118,0.15501739513264856,0.5072568988695565,0.21472449742072336,39
101,7576,1322,21,95.35864978902954,250,0.8593647258389744,0.14119533429982303,0.6237280781246134,0.1333844002419848,0.5017167661931814,0.11328456900705619,39
92,5818,6866,25,90.14084507042253,38,0.8402498136081253,0.051362410754663426,0.614731104223423,0.0795174366014336,0.40693951453142885,0.08397984584316581,15
93,6208,6302,25,95.44468546637744,228,0.6892448720640624,0.14771633282779947,0.48207997163865907,0.1342932037986423,0.33816766977153945,0.12181872824855716,41
88,5608,1608,25,94.56521739130434,153,0.6847696075809557,0.10111894176030516,0.43894582846487373,0.08142445047292653,0.23053637077456585,0.06749460093488757,41
109,6154,6336,22,96.6604823747681,290,0.8134715683994823,0.06349549996940948,0.6188568656014288,0.06771902568941032,0.46645588886119504,0.062337743543627436,39
112,5620,7304,17,95.22546419098143,152,0.7094115658446262,0.09434421570535777,0.5040359332088457,0.07258329028086113,0.33841507904977264,0.0658864456730251,41
115,5554,7556,24,93.9799331103679,139,0.8262037003534911,0.04689817458139475,0.6311710352382813,0.056723394088090455,0.45706336387116525,0.053804100021027264,15
98,7336,1320,23,95.50561797752809,231,0.8246886193569919,0.0835140525687176,0.574926230993762,0.11567556598382128,0.43356727637741893,0.12386371094959923,39
111,7368,1724,18,94.5945945945946,157,0.4257002995307235,0.10303442011710003,0.28279563144453956,0.06761426445694135,0.1579792249055732,0.06382440138294687,39
105,7584,1546,17,94.53376205787781,116,0.34489281852100345,0.07568348752691322,0.23677312972712086,0.054553249687252545,0.07560584090265056,0.05431362855947519,39
100,5526,7546,23,95.1086956521739,159,0.8153923452964308,0.06616453916489912,0.6276874656673599,0.07513040435781222,0.45759305688478946,0.06502023486938621,41
116,5492,7532,17,93.6026936026936,127,0.862759476060673,0.03925216179928045,0.6847136002974346,0.04091480231665149,0.5063251699622063,0.05340463085153871,41
113,5818,6932,25,95.81395348837209,238,0.8061919683267478,0.07076996630108263,0.5886169513951957,0.06808911095892568,0.40797129344372524,0.06196227686747218,41
118,7462,1388,23,95.65217391304348,230,0.8511816282651669,0.08523508010994794,0.6321047618795207,0.10772896669107668,0.4690978573649468,0.13670615089772942,41
121,5844,6848,18,95.04950495049505,121,0.8539466985939226,0.05344486680627908,0.6812359913768707,0.0643809757965453,0.521021213492137,0.07508104505100237,41
122,6182,6296,17,92.41379310344827,119,0.8048065193756372,0.08400778754925746,0.6022358918158326,0.09268061647288044,0.4448608712642144,0.09199041991778086,39
119,6504,2712,20,89.55223880597015,36,0.584236051732565,0.1789899624025896,0.42038559309534124,0.12218154066660174,0.2605798243002901,0.09871817653169472,15
114,6330,6418,25,94.15204678362574,141,0.6789655628796811,0.1032867840787277,0.46268191297045047,0.0901088548233928,0.32883894029156824,0.0886015064082333,15
120,5682,6976,18,93.84615384615384,127,0.8240134946960443,0.05028012830577067,0.6069706033503336,0.06688877856229074,0.4345861323408978,0.06251699121135512,41
117,7514,1602,17,94.1358024691358,131,0.7427890654735801,0.061631811984678646,0.4986245485667743,0.05515514130662461,0.3459976974897832,0.059450457609147925,39
127,7476,1438,18,94.51612903225806,119,0.8209547112409141,0.11253771749569624,0.642151477205061,0.111021677601974,0.49828573669008347,0.10895802037993713,39
126,6410,2386,23,95.46485260770974,233,0.773480549112745,0.08973606338571902,0.5672631938806424,0.09775963621159475,0.38041751683594194,0.09201323049369442,41
128,7570,1340,18,95.01246882793018,175,0.8791189555526254,0.077750219614394,0.6337479947337862,0.08762985011193211,0.48277546838815,0.08956261471128117,39
125,6178,6778,23,95.32019704433498,204,0.8192059868516391,0.07149803827070986,0.6452836842104709,0.08761238923009157,0.479977342104924,0.0886772966143207,41
132,5558,1598,17,93.841642228739,139,0.8053117920277497,0.05687141178775886,0.5388573952170997,0.052594615201959016,0.3328941059888623,0.062312879038013046,41
123,7498,1454,25,95.18072289156626,257,0.7099876839581303,0.12912890219249817,0.4899736849787247,0.1300697170247708,0.36156815830772754,0.1309512149128588,39
130,6212,6592,23,94.83568075117371,231,0.7317635400875194,0.09309980492344991,0.5089653432217257,0.09172404566407981,0.4007740836250484,0.09721238910197752,41
141,6302,2888,19,94.31438127090301,124,0.773690881710893,0.08954499743525082,0.5506400668482145,0.09532202501875037,0.389034088725429,0.09094964402052366,41
134,5568,7568,25,94.64788732394366,180,0.8378570251860125,0.04605261485866611,0.6423467270421274,0.060111346414383156,0.47581058429442624,0.0562760992667901,15
137,7508,1368,18,94.64788732394366,156,0.8822882629237482,0.055554821543785,0.6900119184973511,0.072186649485545,0.5478684037876395,0.08622752365780172,39
124,5578,1604,23,93.95604395604396,165,0.7251963344695164,0.11140954569792025,0.4832665345329133,0.08334925230131336,0.2584952158014699,0.08050713954981363,41
136,6212,6504,24,95.09803921568627,204,0.7389151332430095,0.07884859549675031,0.5384515114251537,0.07744080313931868,0.40181866997764226,0.078252336462435,41
145,6182,6538,17,94.42508710801394,113,0.7930274108957674,0.10312698290152936,0.6085819375129586,0.1110797008850262,0.49082057020957753,0.11706819096896368,41
138,7536,1340,18,94.16445623342175,175,0.9111683742812254,0.0397095170862153,0.7350052364212042,0.06046311225112643,0.6133983002689593,0.08032427250479751,39
144,5736,7082,18,93.82716049382717,136,0.826497038821901,0.04501441586918514,0.6040298095656086,0.04408402372339951,0.4466292010168282,0.057049142473218864,41
133,7606,1458,15,89.75903614457832,59,0.3537330037211715,0.09419754589136643,0.25840128317526645,0.07144466540550413,0.14295154996888731,0.05733566879833749,41
139,6648,3786,23,93.95161290322581,98,0.6794761858124444,0.1363818129627978,0.4759249711890782,0.10593338277734698,0.33414262860314325,0.09528281868685114,15
131,6192,6902,18,92.6829268292683,75,0.7732777090753556,0.10110148286953766,0.5464460736669617,0.08036588606735764,0.37833077360356526,0.07697551419813962,41
143,5222,7052,18,94.21768707482993,119,0.8166769062989082,0.07164028900207554,0.558658541102398,0.06755261110973206,0.3740593951281424,0.05363467927283667,41
142,7422,1662,19,95.25139664804469,175,0.8011885968247905,0.08683906746453762,0.575603540197221,0.10054531988016006,0.4193444793035927,0.10104819872899545,39
135,6276,7040,25,95.27363184079601,195,0.7713611642636811,0.10442940729098771,0.555647113083387,0.1057521807644529,0.387512446172428,0.0946135163450648,41
129,6194,6504,25,95.32710280373831,175,0.7533050708183038,0.09667587964915926,0.5640352249760693,0.08718546787648176,0.4346770787080233,0.09279172152706801,41
140,7528,1426,23,95.97989949748744,182,0.7382572844647316,0.1309733514073877,0.48411127306380364,0.14928127094122798,0.3471987017148736,0.15143098428418023,39
146,6298,6576,17,94.83282674772036,121,0.7109819021607205,0.12700954009304533,0.49436006303695157,0.10397175302955321,0.3361042258589536,0.07987765562229379,41
147,6204,6884,16,94.32624113475177,108,0.8410629874650976,0.06546497499064591,0.6315470547872208,0.08425210993064827,0.46305510118175425,0.09728734441114933,41
155,5638,7306,25,95.90517241379311,242,0.7660259473865446,0.08803294568511259,0.5412739686514937,0.07167202970697281,0.36928096267139615,0.06360762873971863,41
157,5742,7228,22,94.83282674772036,182,0.6819766533072276,0.09774006149334696,0.4957676293734592,0.08390738544201588,0.3571369655542512,0.08579760359943411,41
156,5658,7186,23,94.63087248322148,148,0.7058902863395998,0.09762132966241314,0.4763562389702167,0.07224834979517816,0.33905928688715575,0.08059802221884264,15
153,7280,1292,16,93.3085501858736,111,0.832462523276553,0.07112836033276099,0.6070325739083606,0.09560806866384707,0.4876553668936842,0.11797978605857959,39
152,7420,1394,18,94.6268656716418,142,0.9015333544857083,0.042842796685710983,0.7015985163460673,0.06850441829822775,0.5779723433293136,0.09100335180372668,39
148,5684,1358,15,94.81481481481481,88,0.5597616496612705,0.11838149278503296,0.3531913157970077,0.06973641772418238,0.15614826972291418,0.05320599038816174,41
150,6536,3070,23,95.0,181,0.744794780702873,0.0834409849022004,0.5287754466526366,0.08154551559429803,0.34169294489457375,0.07622295869665704,41
151,7326,1374,18,95.26627218934911,138,0.6613240684653049,0.09783519779061506,0.4042500355173504,0.07526770139569641,0.257824516132794,0.09225914775104962,39
154,6576,3778,15,93.46153846153847,93,0.7051184555550791,0.1467175007649881,0.4852367052260567,0.11167133829742505,0.383522916779534,0.09400241067659473,41
161,5928,6202,17,93.6026936026936,128,0.8506577942517081,0.06273063175911262,0.6789291342926617,0.11727801618859214,0.5424948879002046,0.12357777056287592,39
158,5706,7068,20,95.50561797752809,185,0.8304990893849905,0.04142162286290735,0.6177211667686682,0.05278689978297151,0.4660071320217852,0.06737183418366867,41
159,6214,6462,19,93.23308270676692,86,0.706419731290212,0.07790402662351853,0.47996463630421704,0.06227901426733552,0.3491954429092758,0.05632869149578743,41
149,5636,1362,23,95.61643835616438,181,0.667416665062863,0.124398592726751,0.4444043699239724,0.07237733075332946,0.2113480346884307,0.06522702683809381,41
160,5590,7250,17,95.03311258278146,114,0.5343350716350984,0.1918036792732861,0.359686711636447,0.13899817487280353,0.19269887201547412,0.12359436806979225,41
163,5450,2384,17,94.94949494949495,137,0.7654171744947206,0.060113107877598194,0.5346378760067523,0.05667790349760358,0.35068726762667285,0.05514397674220982,41
162,6630,2996,17,93.88489208633094,108,0.7768286023127283,0.05849463405093327,0.5582728959006267,0.07678927432600655,0.37334144713342243,0.07544019065440774,41
164,7570,1604,17,93.87096774193549,118,0.5838941819733631,0.07873403902655098,0.38257200836816857,0.05238569766292921,0.21069488878326895,0.06310434976989646,39
165,5944,2090,16,94.79553903345725,124,0.7845344104249367,0.09708118722514034,0.5390276898684422,0.0836935173225497,0.3507133207631891,0.0693518689485727,41
168,5572,7452,23,94.46153846153847,127,0.6402111161521112,0.09564054377703773,0.45855865579275135,0.0812335874843971,0.31458386519333953,0.0736808264322056,15
170,6546,2188,23,93.10344827586206,125,0.7867719764645035,0.06458028806301071,0.5514569383747173,0.07469399943147344,0.40836008404481783,0.0846468229219537,15
171,6576,3798,23,94.35215946843854,134,0.6581804062192809,0.15575813663770088,0.44715700810703923,0.11626762046250473,0.33071320394528025,0.08960904763193328,15
186,5668,1344,23,95.64032697547684,186,0.6373266942764897,0.1261031148900394,0.39342948556523855,0.07481675998916058,0.16522651765265675,0.05334790873762364,41
167,5542,7174,23,95.31615925058549,219,0.7482354314784078,0.09367766797481998,0.5526783104030408,0.09029404694132581,0.3999341309169371,0.08122548150356541,41
179,6270,6630,16,92.7536231884058,114,0.7868176778728591,0.08133165280417763,0.5599065703313107,0.07815394740623213,0.4251232940862389,0.07956113523517257,41
174,5508,7546,18,91.02564102564102,97,0.8157034885247928,0.07979894440931996,0.6329866455676733,0.07847458007356375,0.45961115588104334,0.07546378898652328,41
183,6420,2364,14,91.37931034482759,54,0.828992363126245,0.06822130380795537,0.647566885877882,0.08659019515174707,0.4569619285267599,0.0820507283045511,41
166,5656,7090,25,94.60227272727273,170,0.685360752970514,0.08673945209488572,0.46867034788206446,0.06746351132391122,0.31908092334013727,0.060261808954482424,15
169,5780,7462,23,94.90445859872611,168,0.8029751564427823,0.05889163781101819,0.5468736876263903,0.060620059605699286,0.37557952374235093,0.06179914326751263,41
184,7348,1406,12,89.33333333333333,33,0.6563907899144812,0.11402109030133345,0.4302954832502135,0.0787225973000066,0.2780819607208837,0.07028579901331375,39
177,6162,6304,17,95.0,129,0.8089952701430494,0.0631602225411171,0.6129061675921703,0.07985973691368338,0.4359758277452552,0.08315319290353403,39
173,5646,6906,20,89.94082840236686,41,0.830165569237682,0.05401781827652405,0.6244766346879436,0.052123725441654306,0.4695113407805238,0.057404718571063905,15
178,6560,1916,17,94.84536082474227,112,0.7508703828702679,0.05710924652726452,0.5042309664038033,0.06354985932007125,0.33609657813163857,0.05783813106559269,41
181,6226,6296,14,91.1214953271028,68,0.5893921242416877,0.1451935116250508,0.3940897088596034,0.11853107285356304,0.25520463742156846,0.09247092201223617,41
172,5594,7302,22,94.49838187702265,121,0.7067696805181147,0.09836105706355587,0.4926630559575272,0.0819257146401827,0.3232382567889253,0.0693972110123083,41
187,5694,7118,23,92.69406392694064,72,0.7365613296164474,0.09707301565868683,0.5061983890918856,0.0797102364863379,0.362931378577085,0.07888144464292951,15
175,5276,7240,17,91.83673469387755,112,0.8063714545949356,0.05430403136377307,0.6619238683721257,0.07025241852140494,0.5623179944982774,0.07941730578213499,41
185,5590,7442,25,94.98525073746313,160,0.7056916762239395,0.10350760172947437,0.5125634805891336,0.10239960139667045,0.3552743331177259,0.0949647641002742,15
197,5900,6230,14,91.94312796208531,68,0.8679160824234842,0.034337681992526854,0.6544772445632044,0.08302147619582759,0.51047366921097,0.09016865486537587,39
188,5714,6970,23,93.59430604982207,149,0.7945134611776566,0.06361178220124353,0.5417014069091538,0.06492403690934274,0.3518843226579304,0.07064951044097068,15
176,6438,2384,17,94.40298507462687,133,0.7002204202570885,0.08423084067821719,0.4707041767527299,0.10165063624438841,0.30041191588998156,0.10410338748511233,41
198,7542,1468,14,90.41095890410959,74,0.6211187159701004,0.08799493070217997,0.42250466391612473,0.05277908069083385,0.2800683336358148,0.0726807485776365,39
196,5668,7170,15,93.97590361445783,94,0.7616126596861489,0.05740197945663123,0.5366669641880031,0.05079587254400199,0.4064310634804354,0.05964305594599443,41
189,5422,2388,20,93.64548494983278,122,0.7677598004680601,0.05502737365669702,0.5391427596383922,0.060935406298111394,0.3532555094756181,0.06058869439258541,41
190,5522,7190,19,94.69026548672566,158,0.8038505930928357,0.1017300526443916,0.6333552143561606,0.10156629909517238,0.46053655846051206,0.09898858511528556,41
180,5348,890,16,92.11618257261411,114,0.8297140131029785,0.07040455441770511,0.6114553003558082,0.07688915887319595,0.3223996327818917,0.06957584509042604,41
200,5718,7242,12,90.85714285714286,41,0.71537394269839,0.06274595260531118,0.5101443982727182,0.054331660707682625,0.382916684981077,0.05824770787909829,41
192,5418,2362,17,93.45454545454545,121,0.7377434995345461,0.04626788930241191,0.5027812142832496,0.04900551484088377,0.3103053213168922,0.04776906742028601,41
182,7376,1796,14,94.11764705882354,78,0.46797776461545015,0.06972687742032778,0.3265261098349857,0.04059551171926381,0.21750680347869508,0.046149057962115186,39
195,5666,1364,17,93.82239382239382,92,0.5735252862276494,0.1409369534439508,0.3700055789773289,0.09578517363358312,0.15836120339438808,0.0713672816729401,41
199,5672,6952,14,92.45283018867924,57,0.8354821924582928,0.04678955411867877,0.613129162990314,0.05792764504552372,0.4552545697431792,0.06503265812872039,41
193,5456,2356,17,94.34628975265018,117,0.7303893636083899,0.05675488028453127,0.49965356394608956,0.04817067184403137,0.3208934645852333,0.045509750248376384,41
201,5954,6168,26,94.21487603305785,180,0.6970250505697373,0.08168193757774607,0.4726014093894935,0.0730140328674316,0.33607457349774694,0.07733842029829613,15
191,6186,6314,18,94.42815249266862,156,0.8131069225528075,0.09414131028485645,0.6291000218787834,0.10169382797672973,0.4782764595253845,0.1003302338562411,39
202,7428,1356,25,93.57142857142857,115,0.7548186999317235,0.12665916389636686,0.5106716096765769,0.16280437003185846,0.3156748639412351,0.23086090842276075,12
194,7346,1306,17,92.44604316546763,89,0.8169762623637413,0.08362115655536455,0.5718708940318878,0.10378184506127379,0.4327554024353399,0.11225521856775307,39
205,6198,6572,17,92.7927927927928,70,0.7382112446086823,0.08474660059890719,0.5328506219957232,0.08771289231223835,0.42031657283975554,0.08171515876225073,41
204,6198,6764,17,93.81443298969072,118,0.8092058800933,0.08168989483110584,0.6475679896197771,0.1189414386197256,0.5004443723190348,0.12448102115745176,41
203,7244,1394,23,93.36734693877551,65,0.6449057027917927,0.14071765909284512,0.3895794805794696,0.10071759412391035,0.21637352756217448,0.11275326206309873,12
207,6158,6396,15,92.46231155778895,58,0.7304160737832563,0.12855796067443,0.5469152895148666,0.14336276247961136,0.41583136973549073,0.14420582075633584,39
208,5600,5688,14,92.96482412060301,68,0.6813741937335791,0.0991279691583141,0.5022397091801523,0.07495219644100307,0.2945970426426927,0.07382006315030258,41
218,5850,6946,12,91.75824175824175,44,0.8429361750017761,0.04591076001601515,0.6028567436857675,0.06256094679276898,0.41879592451827563,0.06209058284085607,41
210,5748,7046,14,93.63636363636364,89,0.7917307019233704,0.06358654998682753,0.5103366925022383,0.05284831377999533,0.3459313329183023,0.0604102362459901,41
220,5728,1384,12,90.64327485380117,46,0.6157404410897421,0.13442810462305207,0.42165752968235853,0.08335489973288317,0.1990494711315457,0.05715815581601486,41
217,7290,1362,14,91.28440366972477,61,0.8598497833032979,0.04620577871636975,0.6030231972261235,0.05267854301959787,0.46255835877682366,0.06718023439993868,39
206,7374,1334,16,92.7797833935018,105,0.9139485607889174,0.05426739560897546,0.7270219423489717,0.05961247089503497,0.6310630189947142,0.060940755555652266,39
214,7578,1472,18,90.50632911392405,55,0.47953866841827203,0.10129464404887953,0.323360598030409,0.06275805506025485,0.119085380239811,0.06973811137038895,12
209,5620,1398,14,92.96875,86,0.6490643881868987,0.07613642951397749,0.46448725129161006,0.05959474271382432,0.2852838925241377,0.05366973981999809,41
212,7386,1442,25,93.98496240601504,117,0.7019495967956233,0.10638211846902429,0.4161252952874514,0.09428318298547973,0.29671488969203114,0.08969621232004057,4
219,7370,1272,12,91.03448275862068,38,0.8249602626143806,0.17012128740622987,0.6293677448170778,0.1437835210345078,0.4928382134279319,0.10302023964972654,39
215,5958,6662,17,89.26174496644295,28,0.8352851048309894,0.07540545791353549,0.6321812763849753,0.10854854062786982,0.49470127947410725,0.12632617783382408,41
211,6632,3120,12,90.76086956521739,37,0.7469530182405941,0.07030304098476693,0.5443844236129649,0.08415094184579441,0.3731813815104825,0.07413118801252702,41
213,6180,6274,23,94.4,131,0.7868339438589783,0.08599045041141037,0.5517103544672431,0.08422876025589977,0.3805010205002721,0.07911126025700843,15
216,5690,1684,14,92.24806201550388,90,0.6328388089442643,0.0772969916153116,0.4154272594371135,0.05666168886277103,0.2577107457287488,0.057775768663419165,41
221,6656,2040,23,94.09448818897638,105,0.7105607013049507,0.07964930966624606,0.49569522908212943,0.07341929490885782,0.32683346270831004,0.06979404391269947,15
222,5652,6928,18,93.98148148148148,106,0.8258490729113847,0.05132885738289862,0.6035732027193622,0.05798984277240095,0.4484833363997813,0.06171675888771497,41
224,5712,6994,17,92.38095238095238,68,0.7771435509855711,0.07599829615149818,0.5419010435246703,0.07790980905452789,0.35834505086297797,0.07891611177658489,41
226,6290,6430,16,93.5,87,0.7173213902030166,0.0765056956197561,0.4818318111986306,0.08185666946174804,0.3294587370868481,0.07685625455236848,41
223,5684,7012,17,93.50649350649351,72,0.8007141609335495,0.05729629988664551,0.5901094421915928,0.05920190771027074,0.41872714500811586,0.05727773688708419,41
232,6258,7022,14,94.09448818897638,88,0.8199900246623768,0.06211370383699431,0.5873394788919458,0.06538578270555209,0.4171721309311267,0.056707281194604914,41
228,5624,7340,15,93.82239382239382,103,0.7099897561142103,0.09675932465696027,0.5421478952902403,0.0895553771599055,0.37506195525747293,0.08168558174815475,41
225,6254,7402,17,89.5104895104895,27,0.7435420711448067,0.08488558052231175,0.5599137045198885,0.06337847888279811,0.40881650508822753,0.06256864429095088,15
234,5614,7322,12,92.71844660194175,54,0.6733053089841154,0.10898086677317861,0.48564811588111556,0.08634254755151322,0.321116146605711,0.07469774720963147,41
235,7352,1360,12,91.44385026737967,54,0.7910873958473299,0.12429288219846797,0.5722920200369681,0.11648874150736421,0.45577651826242443,0.12417360973061167,39
227,6244,6582,15,91.62303664921465,49,0.741621355039298,0.07784499273843058,0.5092126306034749,0.08848288620217469,0.3887944227615816,0.09419784728545698,41
244,6240,6422,17,91.94312796208531,54,0.6881136492726231,0.08341527524175682,0.47775062440215643,0.08624425476059772,0.32111637812335475,0.07817769349445992,41
242,6094,6480,23,90.54726368159204,88,0.6775487568808842,0.12259800267712431,0.4398034937539191,0.09151435210119166,0.3068017824944764,0.08659865441821996,15
229,5658,7274,15,92.3076923076923,76,0.8095413623057248,0.06366379957409107,0.6402558906295324,0.07297089565647846,0.45043323995270557,0.06963706400731601,41
237,7542,1540,26,95.18072289156626,104,0.4973061041920903,0.11373075561293107,0.3217956287140172,0.09262974970973684,0.11950098158532728,0.10466221765843266,12
240,7360,1674,23,93.97163120567376,118,0.6128037339841025,0.1728983608957253,0.39548897838969427,0.15362739619266758,0.262696460884849,0.15783016911989142,12
231,7194,1642,14,87.1559633027523,16,0.5337544134075998,0.11478345154237654,0.35766789896724516,0.06690539856216067,0.15800267864612294,0.059484764567582234,41
238,5846,6914,23,94.77124183006536,125,0.8281715705284107,0.07413713236120426,0.5854501282299495,0.06615681389861347,0.38349341328717934,0.0762828911858077,15
239,6306,6556,23,94.11764705882354,149,0.7101630068506166,0.14483326032002034,0.4750092032383073,0.11846361297186025,0.3162469997743695,0.09334620555641583,15
236,7386,1734,12,88.48484848484848,37,0.5434169346803942,0.12268530189012536,0.3682841750235581,0.07947699149147794,0.25169551975380927,0.07049884317811923,39
241,7590,1352,23,94.72049689440993,147,0.6745366430948244,0.15250298994277883,0.4352381256224245,0.12564142244045048,0.2723116012233676,0.13340189513102046,12
230,6262,6590,14,91.28205128205128,56,0.7499566813334916,0.10386362280548202,0.5528302822014319,0.11711120876356249,0.43680690799184246,0.1270480677413037,41
233,5542,7468,12,92.21556886227545,45,0.6320645419750089,0.0755478883366157,0.45944902694633694,0.06090092569012423,0.3039493544261179,0.05742445709991681,41
245,6246,7060,16,92.38095238095238,62,0.7433029853317026,0.06155239861736762,0.5225626024370505,0.05630694761636003,0.3625082472418652,0.05324108851130537,41
253,5618,7456,17,91.48936170212765,73,0.8168560779654315,0.07736005496816473,0.6726549996856676,0.09185502325635514,0.5178513983718266,0.08415388226764622,41
255,6192,1954,16,89.5104895104895,49,0.5454639072047235,0.042867250117616704,0.35599402266640373,0.027895993291746152,0.16493317885075146,0.024740722671281197,41
246,6224,6580,14,90.7514450867052,36,0.7736436194428237,0.0731709816392523,0.546576253667829,0.07357815481665753,0.4539019110211764,0.07409765937358487,41
248,6146,6410,14,89.22155688622755,46,0.7628202520245441,0.11377588898318587,0.5673452396053292,0.13597412717865556,0.4585086381252168,0.13145485592652698,41
254,6208,6046,17,90.6832298136646,63,0.7825282338554612,0.06177229246719079,0.5379959754282865,0.06380293473663196,0.32455147812068724,0.06721333033689007,15
247,7562,1454,14,93.18181818181819,73,0.6196059431305794,0.06190488981151092,0.4293754681140895,0.04387875719975686,0.25659641728197763,0.04522537791698382,39
250,5598,7556,12,88.81118881118881,30,0.855704840400285,0.04087232025295427,0.6614795642711988,0.05797963745700067,0.48171655617374776,0.04806840716986561,41
243,5728,7102,17,91.89189189189189,93,0.8161319076381393,0.0651255505011115,0.592259081725635,0.06080207088772164,0.45802349351062727,0.0733676256655743,41
252,6210,6284,18,92.1951219512195,74,0.6481814739326209,0.12331180961414423,0.42650956892265435,0.09510748334033245,0.28273233343375137,0.08413523453058447,15
249,5628,1590,13,93.48837209302326,70,0.6951880177590676,0.04028604343733076,0.4461988301051857,0.03409379109413849,0.2709494303118527,0.040281060623665425,41
251,5846,7080,21,94.06528189910979,155,0.8122707544062546,0.0642139395103833,0.5879816443575416,0.08387154350185275,0.4012019140065546,0.086923380114186,41
258,5816,6914,14,93.63636363636364,89,0.7547755257473088,0.05182024345852374,0.5496710128287599,0.03279473517693891,0.3813107292468156,0.036957521795001474,41
259,6510,2648,14,92.82051282051282,69,0.6421190097161488,0.08916990215317103,0.44849036370346806,0.06502340939486807,0.2716989366891543,0.057739401288156446,41
261,5628,5652,12,92.93478260869566,49,0.7816604857149171,0.049567718231454,0.5488625390008457,0.07093508978030358,0.3733229779594291,0.07938473471597496,41
262,5710,6938,12,90.13157894736842,37,0.7808797815981736,0.05502428288622324,0.5486063437010685,0.05184162129915283,0.3712174024609135,0.04078208032266148,41
257,7410,1310,15,92.53731343283582,69,0.9018353438139226,0.04026677749863655,0.7148242805165536,0.06562768835130234,0.6008667499488519,0.07842852878467699,39
266,6244,6610,20,91.44144144144144,73,0.7514526535196373,0.0980299202948644,0.5265271624964009,0.10269475688701515,0.397416737944811,0.1148641888770902,15
260,5602,7282,13,92.91666666666667,66,0.7644732519668987,0.09017582838367652,0.5461984362521528,0.07325007393472034,0.36265455997629126,0.06332361473501144,41
263,5762,5014,11,90.0709219858156,34,0.8374850062656943,0.10290140546909456,0.5931594640805276,0.10234268847158953,0.42713606442080104,0.09706912985709402,41
267,6176,6498,18,93.18181818181819,118,0.8020024017661265,0.09803127367741506,0.5869752369382454,0.08193816021083722,0.4760890843238542,0.0889448729306099,39
265,6664,3120,23,93.18181818181819,101,0.797253508916745,0.056157584510199594,0.5872159120928323,0.07220853831201375,0.4086996755585994,0.06955285823913956,15
264,6024,5782,23,92.69406392694064,122,0.7447229996741517,0.08737675830484772,0.5138276060250023,0.06270512990044061,0.33869991904007785,0.06623575447251584,15
256,6224,6448,16,93.77431906614785,100,0.7123074078169994,0.05644211757246351,0.4910431594040514,0.05618136403007931,0.36359012208147967,0.06332584507809647,41
275,5938,6176,12,90.60402684563758,41,0.7398127277562513,0.06859471832858685,0.48764358662664403,0.060133504085411,0.35014958188642686,0.07739897463341276,41
270,7286,1262,17,92.47311827956989,78,0.6404511835376597,0.1227507197160364,0.4092967742649827,0.11704213569741696,0.23611212448148142,0.149490434012168,39
271,5724,6948,14,91.62011173184358,53,0.7848179103664054,0.04755244261227632,0.545261896987781,0.04348861015594543,0.3577199748423946,0.03485700659268457,41
277,5998,3278,10,87.71929824561404,17,0.7656851387888937,0.09498609261454616,0.4985315968660541,0.0866599377195914,0.3615372061577378,0.07221654794061051,41
269,6230,6480,17,93.0635838150289,70,0.7402805881863468,0.05751935120600093,0.48413860929867564,0.06974564622012674,0.34702588799941636,0.07512359296316352,41
282,5722,5002,13,94.23076923076923,64,0.7375166527979464,0.09359332752417893,0.49577178681014455,0.0930350155270743,0.3384076652809326,0.08892822602316751,39
274,5610,5646,12,90.78014184397163,38,0.7832485080543194,0.028877684677769973,0.5603219128257882,0.05578782365245498,0.37821464952792466,0.06211823387052758,41
272,7296,1280,13,91.4572864321608,56,0.7952582968138842,0.07596776384956766,0.5783935658349978,0.09315140834036757,0.4759390531120919,0.1023574860833774,39
276,7566,1548,12,91.94630872483222,39,0.3981973913545321,0.17070653089468857,0.28170928698136405,0.11998786752256407,0.10528492161830914,0.11747463407049835,39
281,6052,5772,14,92.26804123711341,49,0.7496257715273082,0.06515263765700022,0.5150206148848779,0.04385606837372805,0.3367658551020485,0.05604487593312155,41
273,7236,1376,12,91.30434782608695,44,0.7847037794733903,0.08585664653460053,0.4984924306099411,0.07100771797885824,0.34303130503579804,0.08473416918535122,39
278,5528,7418,25,94.73684210526316,130,0.6738626627278359,0.10922720587318759,0.4852892400305466,0.09119244480029613,0.3203584942405221,0.08214563789831392,15
279,6524,2736,18,93.15068493150685,104,0.7806555584914739,0.08337814473923341,0.5568750053999817,0.07650173719467923,0.3632147499703185,0.07591302338354915,41
268,6676,3870,18,92.1875,86,0.7473644286085901,0.09291003389710462,0.5017338685436484,0.07470352023790795,0.2899288764147884,0.07442765901846654,41
280,5870,6222,16,92.82051282051282,62,0.7970457314499778,0.06472493784729218,0.6055939850592165,0.06920889263094945,0.44994975613177235,0.07155223691784082,41
292,6240,7042,17,92.14659685863874,69,0.762514406490157,0.0592176450085074,0.5225574025757235,0.051905588595136484,0.3602913493361486,0.048277992606967794,41
285,7296,1326,12,91.66666666666667,48,0.8537832010434074,0.04638455414742987,0.6192973663036819,0.0635905817282808,0.514093221060409,0.08098710417734997,39
286,5528,7592,12,90.0,46,0.8286867648791924,0.05688987832486303,0.6417102077238851,0.06729071501041889,0.5077426287499692,0.078279214709178,41
291,5762,7082,18,92.53731343283582,39,0.822497032849487,0.04695824876950095,0.5907807923207324,0.045552425348149427,0.4101491617772346,0.06331795183785423,15
284,5804,6900,12,91.24087591240875,30,0.8100313018235646,0.05143646507404593,0.5681227097017341,0.047392304776959195,0.4109659698133951,0.0535467812582334,41
288,7408,1714,22,92.11822660098522,57,0.5884791209720328,0.10963497831663739,0.34570331790064274,0.09938791250294801,0.19242992774441597,0.09113027952325943,12
283,5672,6998,12,91.95402298850574,39,0.8338429820868164,0.06213444849841298,0.6192729818295888,0.07134036298281957,0.43929503792456276,0.06756892227609546,41
289,6278,7006,20,90.0,33,0.8001958498179952,0.08076781192280696,0.5809782382761403,0.08329262304561606,0.4065747067882344,0.07595827091146896,15
293,6234,6396,15,92.3076923076923,58,0.7281496402095345,0.06340014127653903,0.49968632142763425,0.06814763756741508,0.34734448327473083,0.05851857104308483,41
294,6292,6398,15,90.9090909090909,29,0.6132258911111643,0.1212256587718056,0.41674688147519456,0.09494855748176453,0.3024426449615339,0.08353573208920143,41
290,6094,6310,19,94.33962264150944,99,0.7656176971503617,0.05931486534989856,0.5237363192475979,0.0602178475486673,0.36498829464103216,0.0628285894015571,15
287,7406,1768,22,93.0379746835443,56,0.6023184909909648,0.11996961419293987,0.3462907622645703,0.08983794756158729,0.23135318785357328,0.09548153934264332,12
301,5546,7198,11,90.74074074074075,39,0.802314318871453,0.06754302593073085,0.6066388015711015,0.06962971684578934,0.45097858017919645,0.06801911037085512,41
299,5920,6222,12,88.96551724137932,44,0.9012056011554662,0.02325076761826381,0.7901972232790601,0.06382123981442599,0.6564286803343556,0.08859038060081956,39
298,5672,7134,12,91.41414141414141,54,0.7423267561887644,0.06926414128660029,0.5220164092193809,0.07118195119806925,0.36847736952647103,0.0719721517212287,41
304,6492,2656,23,92.94117647058823,118,0.6063484530677484,0.12094678036016171,0.4197036407219245,0.09314043230144303,0.2585392251842518,0.09194647303725703,15
303,5540,7378,23,93.7984496124031,95,0.6749909485498902,0.07616826712688239,0.4881431923410772,0.06836525452973514,0.32256621132998486,0.05907931871255469,15
300,6260,6612,12,90.38461538461539,38,0.8359543570297577,0.06596203481347167,0.6092713280272523,0.0941731841388776,0.49712937647327904,0.1060995551003527,41
306,7354,1740,17,93.85964912280701,98,0.4921278301016011,0.15541228281404895,0.2605091211962636,0.04594195493832867,0.12776186622751826,0.03728291074474605,39
305,5672,1712,18,89.47368421052632,52,0.7257679133492988,0.07422493606937881,0.4695978519479339,0.07653101016843367,0.2686806740794944,0.06513471082381486,15
296,7524,1576,14,92.85714285714286,77,0.7540789071559307,0.11685508124439922,0.5213770898739098,0.09111501918736933,0.3567176998185094,0.09752472385483849,39
297,6176,6388,12,89.51612903225806,41,0.7264012582539345,0.11089685619031611,0.5119067514360827,0.11228887412936604,0.38036348022897326,0.11312040242304552,39
295,7480,1456,14,90.28571428571429,56,0.6707491699321058,0.13926318334061744,0.47078073724001235,0.15257385568458964,0.3330533661163287,0.14917570187029566,39
302,5676,7030,25,94.23868312757202,145,0.787973198725595,0.07332748099202502,0.5841966229346497,0.07173530140988758,0.4210369941473736,0.06738062829403232,15
307,6044,7590,16,89.65517241379311,40,0.7793215696355632,0.08538937920207379,0.5179255182667459,0.08448455600004925,0.3314244921870227,0.07591696207462967,15
320,5632,7058,16,91.89189189189189,75,0.7507460569396127,0.0793296651855371,0.5096614453775441,0.060835357240133316,0.36512734022497306,0.05834938899549986,41
308,6192,6800,13,91.9753086419753,62,0.8037134595583121,0.07204637515470616,0.5750932267673934,0.07368346204372231,0.4107267266226084,0.06977420111307471,41
321,6072,5778,16,94.47236180904522,98,0.7498013227439612,0.059937600427990234,0.4987468790370007,0.04961936934181255,0.3087819397331347,0.054233179709916306,41
309,6654,2992,13,91.66666666666667,55,0.7740906191561555,0.07586778093128375,0.568954561636041,0.07145641538413652,0.36946109626626095,0.06459188607514087,41
316,6160,6464,10,87.59689922480621,27,0.791683796852354,0.04140904497431389,0.6102672957914487,0.05143502717594451,0.5247508996333125,0.06493840357993172,39
310,7490,1378,13,90.84967320261438,37,0.8997234532291698,0.05575028974240855,0.7069872844706806,0.07955204021499807,0.5591106414374579,0.10163330131422302,39
317,5540,1610,9,84.78260869565217,12,0.8279141910196299,0.07679769614576402,0.5229154184104909,0.07827398927224984,0.3273101020159709,0.08848369328016395,41
318,7596,1528,9,87.71929824561404,14,0.33676126034811016,0.04730774256980327,0.23354307946056377,0.029892743353237584,0.06660677572371254,0.03131245541620009,39
311,6644,3102,12,92.05298013245033,37,0.7415057629784402,0.07443292062134728,0.529169484608325,0.0808512308278761,0.3618857199614822,0.07367907206410453,41
314,7546,1432,12,92.47311827956989,44,0.745494966892006,0.09386750842389749,0.5195004091663423,0.08490307616927736,0.3828183651262162,0.09030155191948969,39
312,5634,6054,12,92.3076923076923,40,0.8255405620494052,0.03221861751218955,0.6167561576669796,0.055177223023266886,0.3973819072833847,0.040320430495975564,41
313,6146,6314,12,88.88888888888889,25,0.7985580690436028,0.05833356855385388,0.5794608321217106,0.07163435531544146,0.4059896810651798,0.069265434818201,39
319,7434,1296,20,91.13300492610837,94,0.7778201987064427,0.12638563896607863,0.5328957485421834,0.14971851571318956,0.34084429708756336,0.1871991761691059,39
315,6194,6746,12,91.66666666666667,38,0.8671933600214138,0.06095377696143525,0.7140213188397748,0.08515383540413636,0.566558792628044,0.09100713148931691,41
329,7606,1488,13,92.12121212121212,52,0.4160150427605722,0.08149199133279311,0.3233809329413034,0.06832429821522798,0.16751688087943697,0.054713155461161234,41
330,5556,7456,12,90.47619047619048,38,0.616337429470767,0.08944663564160747,0.4418611647181371,0.071178050307667,0.28453027597988606,0.059033075153090274,41
324,5632,7078,15,93.03482587064677,83,0.7598232929238204,0.05767082056662809,0.5152048168995405,0.045307206140417014,0.38596072205891224,0.045155403996024704,41
325,5512,7246,14,92.74611398963731,66,0.7072135807579404,0.07072739704514192,0.549660088426645,0.06225549668193763,0.3918458609426934,0.06694751272990121,41
326,5720,7260,14,93.85474860335195,61,0.767105501299371,0.09106580241389499,0.5492853993080192,0.0817046861341201,0.4048995152209305,0.07045813094485075,41
328,6628,3800,14,91.20879120879121,61,0.7163044675679847,0.11247645582806574,0.5154453297630607,0.0921377403616756,0.38564868293786736,0.08088048772455117,41
332,7540,1636,12,92.05298013245033,35,0.7221253991224248,0.10810307867807255,0.48861082780613985,0.10051008680071981,0.35739017286464014,0.11690421033152025,39
327,5730,7012,14,91.33333333333333,42,0.7896331168028761,0.07618502140480002,0.5329362847275536,0.0707987525557845,0.349707050298059,0.06732585860011116,41
323,6160,6794,15,91.25,64,0.8562984412637323,0.06571201928561776,0.6547881959214988,0.07289049983739342,0.4870071457275143,0.06965324462710745,41
331,5612,7352,12,92.5,48,0.7451616882986191,0.07636429513323263,0.5870475065066414,0.07829885813623264,0.41206006873490175,0.07371204094752773,41
333,5616,7244,12,92.02453987730061,39,0.5071822670797345,0.22388433329655802,0.36593111701686465,0.15963391509301342,0.22058793819747974,0.1376039133975332,41
322,6244,6814,16,88.97058823529412,43,0.804991235197831,0.05718604083191517,0.6214402896325345,0.05690177962144823,0.4564384443258979,0.06558210776692201,15
334,5654,6968,20,92.62295081967213,100,0.7733625159915057,0.08105743868173665,0.5410181786680819,0.07884796327286848,0.38370922747103103,0.0857092893811606,41
339,6386,2394,14,92.26190476190476,57,0.774531598147963,0.05906920243978114,0.5325526102648176,0.08505593786357198,0.34228986712964893,0.07464991574185101,41
345,7468,1412,13,91.62790697674419,63,0.8790900724058595,0.048093487631186455,0.6807372232922714,0.05979800684064061,0.5360143494875038,0.06078695650962697,39
335,5672,7056,20,91.66666666666667,40,0.7370767602617204,0.11379089191398498,0.5331312543224487,0.10670804678013598,0.37423674512750316,0.10303741672122435,15
340,6144,6296,14,90.0709219858156,37,0.7641573154567326,0.055764963000905915,0.5260630328128748,0.0619706755538176,0.33889027826086043,0.047992356447283745,15
344,7382,1780,13,91.71597633136095,64,0.509593971903805,0.09098749958134902,0.3383422632227496,0.046174406461274894,0.23757808544109504,0.05291191107744027,39
343,6578,1922,13,92.89617486338798,47,0.7463264335866371,0.06911788153617549,0.4940279057231037,0.06483803603430095,0.33018279662001115,0.05329268783970796,41
341,5826,6900,13,93.75,58,0.7617409729486796,0.06707166629422524,0.553339309643623,0.06309740325808832,0.36805009329100424,0.06555000068069632,41
336,7396,1808,19,90.13157894736842,58,0.5214577845995737,0.13516890546394023,0.3127823199721383,0.07537175991551823,0.1918307619423043,0.07825053571220109,12
348,6242,5738,12,92.39766081871345,58,0.7600277912169452,0.07403598922928152,0.5439466228298417,0.07064431819648674,0.3656616521358101,0.05992061418026575,41
337,6156,6282,15,91.78082191780823,61,0.7765348138211173,0.0642987844217967,0.5525284401253775,0.07230314230974544,0.3656789157518933,0.06204327167727132,41
338,5860,6960,15,91.07142857142857,48,0.7895355185578586,0.07247601411854149,0.5618507859775679,0.05656765732278884,0.3917330606663796,0.050160861559811205,41
347,5412,2322,12,91.66666666666667,50,0.7064055222866003,0.05789675299641818,0.47002398471847834,0.05289505359033222,0.2790237277211412,0.04788454556862909,41
342,6180,6518,13,92.2279792746114,63,0.7792588924970715,0.10687586020629683,0.5920484429238462,0.0995278604842949,0.4692126807398117,0.09989951347725176,41
352,5510,1614,9,88.4297520661157,20,0.6896664489959848,0.05956214222049199,0.44904955731462737,0.044785574292855165,0.24321900296274485,0.04650508914663077,41
346,5794,6188,12,90.0709219858156,23,0.8354093886510777,0.04488834797441191,0.6863515313842363,0.05427232338615822,0.47845085638576773,0.04497532852961024,41
361,5844,5680,14,87.82608695652173,35,0.7911241807258563,0.07534201896118878,0.5734702912597465,0.063911088441785,0.38264224400634,0.054310992460788306,15
354,7500,1498,8,82.75862068965517,6,0.6310660875746128,0.06228416951021458,0.4371240327034839,0.05926323939671674,0.3185573029170277,0.06347611843224446,39
353,6126,6350,9,86.48648648648648,14,0.8366154528739281,0.03667933167632743,0.6437994444876198,0.05862936942780301,0.5065829101702896,0.06632962684125993,39
360,5654,7204,15,86.86868686868686,9,0.7502184146384685,0.06832179952579406,0.5041400950637694,0.06450837027559456,0.3725758683800565,0.07066720792992637,15
351,5874,6130,10,88.52459016393442,33,0.8292819135854034,0.04505066580396323,0.571834631112157,0.045094701096221095,0.4441235462824504,0.05073528174648853,39
350,5520,7376,10,87.61061946902655,21,0.6416507653908935,0.05658036067178859,0.4738706242875988,0.057218379290833815,0.29831829477870275,0.05435559811542132,41
349,7248,1364,12,90.53254437869822,53,0.8287830642541509,0.0735876666830518,0.5535911240449348,0.06809257886489645,0.4026741033714708,0.08144465917695345,39
359,5926,7484,16,89.36170212765957,54,0.8615546334605033,0.0587628004031459,0.6592822932039191,0.0875837797167903,0.48670319226322134,0.08292566621238073,15
358,6292,2906,17,91.55844155844156,67,0.8127982540928863,0.07572041358986688,0.5901384834856772,0.08167002587616592,0.43707334788052565,0.08746303104732926,41
355,6636,3752,19,92.72727272727273,64,0.6911571868203542,0.1264032279004221,0.47210193353787183,0.0904257454064593,0.33669398612704315,0.08192499713797059,15
357,6260,6568,17,92.94871794871794,39,0.747308045704878,0.12793840650276803,0.5058786190379712,0.1032939344239959,0.37166531314698864,0.10424059575604822,41
356,6572,1944,18,91.02564102564102,54,0.768838656024508,0.0652393728904014,0.5147268925641583,0.06284436767636421,0.3374771890997318,0.05375042589841545,15
367,5692,7152,12,91.005291005291,44,0.7979503338138586,0.04164022543064812,0.5628746161647566,0.03671819774675959,0.4392058496860268,0.0421502025621256,41
362,7216,1408,12,92.53731343283582,37,0.6998424062818337,0.1300955468034361,0.4200242845065053,0.0975833318424512,0.26424686463631775,0.11171527960554313,39
365,7410,1638,12,91.02564102564102,37,0.8248534841891408,0.09287609383142931,0.5942853751909869,0.09968332972800119,0.4578035121592184,0.12582920708758902,39
370,5342,6842,8,85.71428571428571,11,0.7542802932134562,0.035456554496822314,0.5050691847545491,0.04060571068837672,0.3352139453030535,0.03791141407381397,41
371,7372,1644,8,83.52941176470588,8,0.7781740873581979,0.10284332687943006,0.539353028832926,0.11394806247876503,0.3951790419756802,0.0986979895760584,39
369,6292,6630,9,86.91588785046729,14,0.8325293364512193,0.02847384385212841,0.6095889422558347,0.032685000084027103,0.449216622335525,0.04665104030464278,41
363,6134,6424,12,86.17021276595744,11,0.7343687852677474,0.0751263302803472,0.5275980334783651,0.08795224171967235,0.4152670425847537,0.08907551044144996,15
364,7352,1322,12,90.79754601226993,40,0.8078493039818028,0.11991518854586314,0.5599694030562972,0.12296840694010715,0.4288056142883433,0.1393413931982014,39
373,6376,5698,7,82.3529411764706,4,0.7833727765460259,0.037505450634335975,0.5778177360536553,0.053733162170079715,0.4259031379057956,0.07756824301505598,41
376,5754,6528,18,91.53846153846153,38,0.7879830570854454,0.05874414517218761,0.5446107116073678,0.043672346443252956,0.3817543036874173,0.042730314036111536,15
372,5594,7468,8,89.69072164948453,14,0.7736076731411065,0.07477466390634657,0.5975194995523627,0.08226878650980769,0.45129285639956923,0.08132122773421642,41
366,5542,7442,12,87.71929824561404,9,0.5971005937209137,0.09993458273206478,0.4263382998172066,0.07723072966549262,0.27965915099783006,0.0682766706934574,41
374,6366,2386,20,86.17021276595744,9,0.8054071552241092,0.06255320485330174,0.5323482046374067,0.06276018733739032,0.321059715948218,0.04994502332176497,15
375,6166,7124,18,86.13861386138613,18,0.759860440294422,0.09328186758869067,0.525664058842162,0.09207778069799162,0.3557087396024804,0.08826580054724888,15
381,6680,3888,14,87.87878787878788,34,0.6788539349135372,0.08460273551601553,0.45785892163046926,0.069059556129106,0.27330117150112854,0.07248499882249763,15
386,6076,5566,12,88.78504672897196,6,0.7270455457646928,0.09719371808202547,0.5176833438250992,0.0819754809765005,0.34901575834093823,0.0857518823505725,15
378,5670,7104,17,90.84967320261438,26,0.6818981747562849,0.11001007764139814,0.47362903618411323,0.08753482042678015,0.31560078566189464,0.06873124404250741,15
368,6296,6606,10,90.47619047619048,25,0.7779048319035917,0.06433755052442822,0.5712385756764012,0.057610773667782667,0.4100164948812688,0.06347265618930817,41
377,5836,7056,17,93.4065934065934,74,0.7977277491343983,0.04793076681345845,0.5554849705514494,0.0525730775360154,0.3580820119095862,0.05356872938025184,41
379,6156,6502,15,90.55118110236221,37,0.8289262391420104,0.08229200974961833,0.5971469060165372,0.08044562967196686,0.4781097512894809,0.08311016671471368,15
382,6014,5980,14,90.72847682119205,53,0.774213809216187,0.0757853757395903,0.5472985177746083,0.10207836162208016,0.3406779766830626,0.09302058500092834,41
387,7576,1522,12,88.8,34,0.34899814925224903,0.11080881020126257,0.22732810834103656,0.05330809391098957,0.038828301415163385,0.020140640807355604,39
380,5750,7104,15,88.7218045112782,27,0.7913976870353161,0.06816116792319765,0.5823053373282281,0.05890665995490722,0.42974853768663585,0.05502263195930646,41
385,6026,7592,12,89.39393939393939,43,0.8042210225763368,0.08594030813790507,0.48988368407159216,0.059255723763466696,0.31444868440534707,0.05881759541870789,41
401,6122,4992,9,86.25,14,0.7619663805797182,0.08944923599422401,0.5495574731251289,0.08818039301699672,0.38336911765903,0.08562102618774149,41
383,6398,1498,13,91.3907284768212,28,0.807169695330944,0.07582652064460568,0.5511686910358908,0.06524097157150881,0.3241555078745897,0.06390011566205277,41
389,5962,2096,9,89.10891089108911,15,0.8504386381382019,0.024445096497992418,0.6044847179471023,0.03281779283739107,0.40360801170928406,0.03191585132674854,41
390,6516,3062,9,86.95652173913044,13,0.7601617138328856,0.0470788574545548,0.5458196018988005,0.05025106094456235,0.3644046132460197,0.046271489190971196,41
392,5760,7384,7,82.53968253968254,4,0.7826373777370679,0.05057801603591796,0.5100407967925543,0.04041739630445642,0.33255634336132306,0.040990358216111064,41
395,6266,6242,15,90.74074074074075,42,0.7494188479988212,0.0728356966090203,0.519661710823945,0.06971063263410868,0.3580130958034513,0.06571312808937378,41
400,6080,3278,9,88.07339449541284,13,0.8228041267205296,0.052424047154289936,0.6047568207394223,0.05285416523500415,0.4071574273966352,0.05292429870859441,41
399,5634,7436,9,89.65517241379311,15,0.7935943352132641,0.0587760192394288,0.6377650954679089,0.06854372329050479,0.46107647981030236,0.05870599532456046,41
397,7562,1358,12,92.10526315789474,57,0.8806337104049826,0.08919864052651509,0.6362832944117013,0.09884866770137724,0.4760692999569082,0.09772052266662079,39
394,5658,7068,15,86.40776699029126,19,0.6529846370683261,0.09493981895529975,0.4479762236861622,0.07569644094149051,0.2992027015502789,0.06416754606762841,15
384,5568,7262,12,88.40579710144928,40,0.6683548856131599,0.16419283382212962,0.44170937571692814,0.10921276617233935,0.27234865191467045,0.09794254016758543,41
391,5672,1680,8,87.5,9,0.6844293140462521,0.07722959091557408,0.4680314312221876,0.05963484686157612,0.3062287597720179,0.049388311522638506,41
398,6682,2936,10,90.71428571428571,29,0.8255608768419884,0.04289822361014265,0.5907769189670242,0.04993905683324538,0.37929035929325217,0.06337666672473147,41
396,5634,1554,12,88.88888888888889,26,0.6945228749251093,0.06969691851580428,0.4610906032811954,0.05704044917642137,0.2820360887838227,0.06745771235481438,41
388,6270,6822,11,87.73584905660377,17,0.7678520942004732,0.045986610102854604,0.5547615001242192,0.042011744484531266,0.4044501374709809,0.050416203415081184,41
393,5760,7030,24,93.02325581395348,97,0.8098531078471715,0.08526876853822515,0.5320046478878041,0.0713313538162904,0.3456700000348152,0.06531500074111113,15
402,7182,1666,8,86.81318681318682,7,0.6419757707073861,0.08872417041777683,0.42964628827684687,0.050884901028908525,0.2511488723360026,0.043352248789276585,41
403,6558,3794,8,86.58536585365853,5,0.5681430576163512,0.10381760628034187,0.369751141274389,0.06909652513198641,0.2871478006055678,0.06496686674753924,41
410,6290,7022,10,85.56701030927834,12,0.777343534828584,0.1223673469868644,0.5764683029886817,0.12750244499602645,0.4009147579538849,0.11776030684958488,41
414,7594,1504,9,80.0,9,0.27117933692603274,0.06222131057459097,0.19788202337070865,0.0527548559296441,0.06031929094250463,0.05143510590777766,39
407,5692,7098,14,91.04477611940298,40,0.783172878148116,0.11754069381107773,0.559951547210758,0.10362200897174897,0.41219877032855223,0.09243149447170884,41
404,7350,1814,7,88.15789473684211,6,0.4904914863495959,0.10401401665924467,0.32032506915891595,0.05639468466783488,0.21204525591592072,0.06642261548873886,39
406,5742,7256,16,91.54929577464789,47,0.7064041757607248,0.08586360152857207,0.501546452698788,0.0682162956809183,0.3711198277852698,0.06583457328243505,15
409,5640,1340,11,88.78504672897196,19,0.6749078553655873,0.10393760955475714,0.45012581117437106,0.053189281911583314,0.2057044893390515,0.04686032534694371,41
405,7304,1388,22,94.57831325301204,70,0.6108251420881784,0.1383369339742911,0.35894056258757423,0.11131026809345167,0.1794726271088803,0.13486897566574257,12
408,5546,5872,14,89.79591836734694,58,0.83945171192868,0.031505837067072995,0.6233634533292826,0.039286219444581924,0.4206644127629183,0.03608272625619985,41
412,5574,7550,9,89.24731182795699,16,0.8301387532794507,0.054764052665883786,0.625075863906496,0.047021202033304316,0.4476037007269872,0.04016054831602471,41
413,5684,7082,9,90.0,16,0.7712509330925321,0.09428158649675301,0.5435977195950339,0.09109189385264717,0.37171058586010564,0.08667500282941944,41
411,6552,1930,10,91.17647058823529,27,0.773536006339283,0.06334491822849186,0.552055109824453,0.06643493534482196,0.38143728173373775,0.06454064000211285,41
427,5806,6208,8,85.41666666666667,6,0.8789016124953983,0.02125566987587209,0.7320056268093338,0.03961741573727889,0.5454241076854501,0.039891254875179555,41
425,5780,5020,10,89.56521739130434,25,0.8622902457405921,0.048331057605847834,0.6247850395654605,0.06347610670180238,0.44309809851267984,0.069568596764713,41
415,6224,7058,8,85.71428571428571,12,0.8068959218470456,0.03694285439613385,0.5201011052831114,0.03985081787906003,0.35457080461625423,0.039124721828174655,41
426,5696,6966,8,87.01298701298701,4,0.7977983891399877,0.03812655683554934,0.5871680264217244,0.03825041672757201,0.42133386654056587,0.03971673779033269,41
424,5682,1666,10,87.34177215189874,10,0.6347754127990091,0.12204454209102723,0.4061837609933347,0.095972454506443,0.21462974888262024,0.08178521097037758,41
419,5262,2338,14,86.79245283018868,29,0.7762156704737521,0.06149299553700478,0.5334073258762527,0.07021006599024192,0.35929028428109405,0.060268994147127726,15
420,5578,7590,14,90.35087719298245,37,0.8406086256879486,0.05077345692925778,0.6574706373317927,0.06268247920511749,0.5121076844043684,0.051764741665856095,15
429,6300,3040,8,87.12871287128714,11,0.8522249747902061,0.030105082044360347,0.6339429241813695,0.06243762926018834,0.44061092284951675,0.052340917347483674,41
422,5612,7014,12,85.14851485148515,9,0.7988876067405812,0.06818017820373469,0.5430634903188242,0.0566703915657739,0.3670125284747237,0.05052418618021865,41
418,5996,5970,16,86.66666666666667,14,0.7684087412592441,0.06710392278962998,0.5501749723470365,0.06701521794050116,0.34606807371758375,0.05648007859203379,15
416,7394,1424,8,87.20930232558139,6,0.6224198104455267,0.10316979745433401,0.4201814512067037,0.07621484852841932,0.31869989732274495,0.08352193585635241,41
423,6356,1530,12,90.07633587786259,28,0.7140267123794867,0.06599346633678695,0.490579543067036,0.06163193401089473,0.29507979123471806,0.056653053431685474,41
417,6714,2814,20,87.71929824561404,46,0.7503310353958693,0.08476953084175201,0.47025709379717323,0.07315461443412614,0.29895388362984476,0.06126044116598539,15
421,6650,3894,14,90.9090909090909,62,0.7445900850044739,0.049819355437446554,0.5203908637745617,0.05653557211709567,0.31864413289981924,0.052298649788305694,41
435,6500,2914,15,81.94444444444444,9,0.7269689447673391,0.09162904952676862,0.49732607841227083,0.06344627868863785,0.2919750840927202,0.05965272911901942,15
440,5556,7596,10,85.41666666666667,20,0.7965010011737997,0.03857444059715585,0.5509341258216988,0.06338602291627891,0.4382705067369071,0.05182754461135762,41
430,7310,1254,8,81.25,0,0.7959417854176193,0.11287595984882179,0.5726373658805597,0.10537122406219275,0.4082146567990118,0.11477059647090966,39
428,6138,6392,8,87.17948717948718,8,0.6882335930968685,0.10525605788648976,0.4778013894046519,0.08558524896921561,0.3639853532523011,0.08732642729890319,39
438,6598,3786,12,90.35087719298245,39,0.6123053398208167,0.15453242892306981,0.42491240147957016,0.11591448153780472,0.31077179966606866,0.09552591459891589,41
432,7566,1644,8,85.18518518518519,7,0.6530082922440598,0.07669729532816118,0.40306333844970077,0.06211720755431915,0.19604246496966207,0.07483436450623172,39
439,5868,6846,12,86.86868686868686,26,0.889022883738818,0.02702592951078089,0.6646343439477108,0.0687807122393573,0.5026984017883195,0.08849193754435032,41
433,5960,7512,17,92.89617486338798,89,0.811224469682408,0.06384932054694774,0.5293580240597231,0.06637339385767745,0.3863918709216443,0.06921435211605259,15
436,5636,6948,14,85.91549295774648,11,0.8074959677876612,0.0563276358665674,0.5782460513871767,0.05338987064390711,0.4168198543181234,0.053255801536553946,15
431,7352,1268,8,81.69014084507042,7,0.9210485646777349,0.009178725772198497,0.7311418913892391,0.01981023851970082,0.6099140017942676,0.029113854522870432,39
437,5590,5670,12,89.16666666666667,45,0.7399062325670513,0.05991385479081457,0.5414037823093657,0.04623742164777455,0.3328929129033843,0.06239170019658619,41
434,7526,1490,15,89.85507246376811,55,0.5352672362301114,0.10301913312490643,0.3558395137135911,0.09218290289951775,0.2042347708599152,0.12614879443517238,39
442,5948,6148,10,86.5979381443299,25,0.7598134131928961,0.04519439252563801,0.5352717588683105,0.04502077908806699,0.37965336725825355,0.05263631685784981,41
455,5594,1626,7,84.93150684931507,5,0.6097022635427859,0.04274089671254289,0.3944076390370079,0.03958736035569506,0.19924334899003326,0.03772050014506881,41
449,6136,6334,8,84.94623655913979,10,0.8326217833001531,0.028700756226674062,0.6478668120381208,0.032851031258122665,0.5062402646624328,0.045620072522972,39
441,6274,6226,10,89.70588235294117,29,0.7698691877242929,0.0765243897683275,0.553893472534729,0.06426621808224113,0.371473362960783,0.05229076505890732,41
451,5900,6192,8,88.76404494382022,1,0.8391914034867513,0.07783222516216107,0.6786319731913907,0.08129644693687606,0.5528622947468742,0.0928419927451282,39
454,7522,1358,7,82.3529411764706,4,0.8564812840209177,0.0579372184267316,0.6546274546106814,0.05887307460689567,0.5536175550443853,0.08741894999772329,39
444,6560,3776,9,87.91208791208791,16,0.6331948409899476,0.1743762602761696,0.44328188370488364,0.14174650234202307,0.3137642211362285,0.12141743762341625,41
443,5254,2320,9,89.24731182795699,10,0.8062235452926444,0.07684670278345505,0.5670094439853723,0.07728297862666232,0.39389058028592355,0.07110330665793027,41
445,5636,6072,9,86.17021276595744,11,0.8044678595717453,0.04290464960609175,0.5674517505681167,0.057320187146004405,0.3583608409612185,0.05605698765451796,41
453,5684,7168,7,84.72222222222223,4,0.7698991040702865,0.060309566326932254,0.5374660585001995,0.051994564484651215,0.41096316301539954,0.06050437659614874,41
450,7390,1638,8,83.82352941176471,3,0.7914989945076242,0.11967313071270588,0.5562433912550989,0.11602854758521183,0.4011081633413628,0.1228331804014164,39
446,5616,1550,8,83.95061728395062,8,0.6875463499443765,0.12801997480092725,0.4682103218716402,0.10004953719728306,0.29325749313793725,0.09538730860000515,41
447,5666,7014,8,87.64044943820225,8,0.8309932480851182,0.07889467794938465,0.632722751199259,0.09049393227369597,0.45403393708192963,0.08646331398493806,41
452,5664,1480,7,84.93150684931507,0,0.7857483090619325,0.05434495558755651,0.5291717766301905,0.04745460799397893,0.31427559998666815,0.03798536282530323,41
448,5832,6946,8,86.25,8,0.8935231079438507,0.03592735576777041,0.6992002340145291,0.054297185490516466,0.5014572029798189,0.05117714584403888,41
464,6238,7382,9,76.59574468085107,0,0.7784177468057021,0.054268258400524044,0.5587315915117845,0.052261790722084665,0.3847522890536159,0.04891384460683254,15
459,7246,2694,12,83.07692307692308,13,0.6574907323275655,0.1571625869939068,0.42653387483531463,0.09947791027227758,0.22077241536308853,0.06425646927822277,4
463,6212,6864,9,86.48648648648648,7,0.8606506677774283,0.051824473797724833,0.6164087266599468,0.059483279053942,0.4231595288300072,0.08026536089683829,41
465,7416,1328,9,87.20930232558139,13,0.8730557263688004,0.05223431361943177,0.6892701132069848,0.07945136811072931,0.5672104131796,0.10099363345716411,39
456,6272,6400,7,87.95180722891567,4,0.7581747379227589,0.06957897118478047,0.5496490906349755,0.06900107045307566,0.4264905961605871,0.06802211387879249,41
467,5626,1378,8,84.61538461538461,11,0.550882810203811,0.09752817326870587,0.4060786371163389,0.062438694203463235,0.23855015710701324,0.05163367252622962,41
466,5550,7336,8,87.61904761904762,12,0.7347895862176215,0.04057422020601695,0.5438426403029107,0.04535996950086325,0.37588889252876256,0.05063724575916575,41
469,7590,1580,8,83.78378378378379,8,0.5299304290867048,0.1455777380256307,0.3505803812141261,0.08678166469971518,0.20336085418437388,0.08759379663381746,39
460,6168,6814,12,85.0,22,0.8459875384318304,0.08614174122403863,0.6515160946822672,0.09947913475407254,0.4779090235468614,0.08702266338100229,41
462,7244,1344,10,80.95238095238095,0,0.6926505521041195,0.11290515577878762,0.3814885933585718,0.10541234757880741,0.16080200432244343,0.13042082118973042,12
457,5558,7278,14,84.94623655913979,9,0.7241911028828495,0.09933931300556695,0.4745532465512062,0.0785457059578105,0.29591877883769935,0.06902022957484584,15
470,5812,7202,8,85.3932584269663,12,0.7640125450651728,0.0527201782798971,0.5455592056554198,0.05017382594167708,0.372436396613106,0.046189395880802175,41
458,6154,7142,12,83.33333333333333,10,0.8119668442312306,0.047305281101169425,0.5580241995184495,0.06785990259438808,0.3897965778923346,0.06719135082555043,15
468,7312,1318,8,84.52380952380952,6,0.8759763334827845,0.04465804264319386,0.6660795650835669,0.086132647815449,0.5301078012689054,0.09513615120470324,39
461,5412,2340,11,89.42307692307692,25,0.7012795324812314,0.05785076582998586,0.47493340787680255,0.05751642477583925,0.2889608268983423,0.05124955977203204,41
471,6340,6398,8,85.71428571428571,11,0.7588585963008532,0.03591728687599387,0.5398903519197217,0.05145697989649518,0.42113751050801684,0.05141094719244391,41
472,7274,1370,7,82.5,6,0.834156930800012,0.08104761879217705,0.5544730733505822,0.06708076480873798,0.398907182362711,0.08001912153166217,39
481,6130,6374,8,87.05882352941177,10,0.7439872912051926,0.07655980662594399,0.4965228773065922,0.06039366067133639,0.3669326574268401,0.06497722359292517,39
482,6610,3744,8,85.71428571428571,9,0.5869317952578752,0.15861613988174927,0.4022515912537319,0.11770600193192682,0.26092399948214884,0.10055616860939841,41
479,7182,2504,9,88.77551020408163,22,0.486501518152753,0.13649023509143166,0.3080748159151811,0.08118265782906803,0.15878420178864933,0.05389263639312695,41
478,5742,7026,9,87.09677419354838,18,0.7872393646670273,0.07046086641243632,0.5092514027651172,0.0729681225131274,0.33048081457298695,0.06982190950340073,41
487,5756,1380,7,78.78787878787878,3,0.5782777390225603,0.10754691881753538,0.4103865692973608,0.0669611753929819,0.19983942600578186,0.038234699398388264,41
477,5724,7066,9,89.07563025210084,18,0.8301855335185003,0.03970272970953296,0.5987194651634055,0.041529445339431245,0.43160321431071436,0.054600034345514276,41
476,5828,6880,10,78.26086956521739,2,0.8711760123841076,0.04991097794120019,0.6716058444138827,0.0801624208547958,0.4490852365418086,0.09164265475462881,15
474,5524,7164,7,85.5421686746988,5,0.8102829006349617,0.0847881970704166,0.6581041288705682,0.09636284421386963,0.4974225480919299,0.0933003173714044,41
480,5534,7562,8,90.0,10,0.7779775120858514,0.06132847692755169,0.5767729460064921,0.06615411188368514,0.42473542380032103,0.06740742864116203,41
473,5230,7028,7,75.67567567567568,2,0.8946601988769802,0.021025017122088655,0.6319372821231133,0.038081875244320856,0.4245505500216729,0.049138526399794144,41
483,5822,7074,8,86.04651162790698,7,0.8330909664322526,0.042382122934659844,0.5880927137960019,0.05536561542391652,0.39814397034584914,0.05207819248133406,41
475,5692,1374,7,82.6086956521739,0,0.652712496373022,0.1401297632265388,0.42946183928859094,0.08584256841295343,0.20911957394228622,0.06531189153849691,41
484,6540,2714,8,78.68852459016394,0,0.7834142712576532,0.07007967907868329,0.5503448461320498,0.06642101527413084,0.3682934354626418,0.06566990771388893,41
489,6104,6336,7,84.31372549019608,3,0.7390272918897184,0.03965187688005442,0.5050820001500397,0.036524297193589024,0.3263912580818998,0.035788066847245774,41
486,6486,6232,8,85.26315789473684,11,0.7504243527301102,0.06461636484760895,0.5003895811290019,0.06092383082895898,0.3115659168560046,0.051483168343813994,41
485,6188,6554,8,86.15384615384616,6,0.6875961434201864,0.1031383377650751,0.4795586549991313,0.09160639684307587,0.34778813458391544,0.08768208745210404,41
491,5728,6924,12,87.65432098765432,15,0.7620513022772445,0.08503122933736844,0.5190962048378115,0.07846243724365619,0.34306151253364214,0.06301840302401311,15
492,5298,7244,12,86.07594936708861,26,0.7709836347262583,0.08857874475937043,0.5942373214985379,0.09175619543674748,0.46449577331931907,0.10836102605732843,15
488,6570,3758,7,85.71428571428571,5,0.5982896759811598,0.140796002715871,0.41186653395650885,0.09734215588076126,0.29114360798135575,0.0897399345614221,41
493,6132,6856,10,82.45614035087719,2,0.8868300234920043,0.035934190572729424,0.6664551489072051,0.087302480497653,0.47408152167218615,0.11919159193763033,15
490,5678,7282,15,89.68253968253968,49,0.8255689665427086,0.03322466922932955,0.5904161415737821,0.07679539498270356,0.401814300877008,0.07380154790231991,41
495,6286,6560,9,86.41975308641975,15,0.4686444554309946,0.07964289878563774,0.2982151747461339,0.05878500546811195,0.17976096145986561,0.053503364487405704,41
512,7396,1286,7,85.07462686567165,5,0.9084895924617179,0.04504450485244206,0.7065084197304465,0.06285126937651278,0.5812859975184377,0.06597819774466342,39
494,6194,6600,9,86.81318681318682,6,0.7471089263493566,0.07189677897845893,0.5039161905369645,0.05869291322249021,0.4039290982943315,0.057532839520696696,41
500,5654,6948,7,88.75,6,0.8192040418447714,0.030284345316921448,0.587565067964109,0.03965949167252934,0.4160090813288104,0.037499338764984624,41
508,7346,1778,8,84.31372549019608,10,0.44537589395835947,0.041042321770392264,0.3255933805219006,0.020598380897549458,0.20946229430215216,0.03809301761330625,39
496,5690,1702,8,82.29166666666667,12,0.6229404539151898,0.0720953371339313,0.4190007943648269,0.054522039817313774,0.25989652023142445,0.04650018956672695,41
501,7422,1682,7,83.78378378378379,2,0.6883014831618358,0.07778830439319705,0.4683424293288129,0.06691245699219027,0.31333627967024036,0.06249618967440135,39
498,5884,6236,8,86.74698795180723,4,0.7996719746559576,0.059594141602708456,0.5650743254539718,0.06216185336938827,0.45018372889196834,0.0459990729485382,39
505,5828,7092,9,86.84210526315789,20,0.8482798227264647,0.028580422378177192,0.6399365944950903,0.038789129334492585,0.44558764974381626,0.044132388325302065,41
504,5518,7398,9,89.28571428571429,15,0.6299862807087936,0.07363878976725731,0.4518132837444781,0.05574681228630931,0.2790114385933079,0.041552881380748474,41
506,6212,6534,9,79.41176470588235,0,0.8721175640426201,0.06516875667728977,0.7302024528898042,0.11180846926074596,0.5846256597525877,0.1251130217943234,41
503,5850,7108,10,86.41975308641975,24,0.8590399191763396,0.033064942124344514,0.662838924701522,0.05285989393498324,0.4645773353828054,0.05256629348798728,41
502,6616,3110,13,82.85714285714286,13,0.7565618573946744,0.052787086673100884,0.5397123453142949,0.05673746433276085,0.3568499864450799,0.05491484111166404,15
499,6404,3174,7,80.0,0,0.7557328218527933,0.06049508446358603,0.5294632095357646,0.04410634390083896,0.3644843964944244,0.038387721446149436,41
507,5638,1396,8,86.44067796610169,4,0.6555467241381997,0.05794304438747268,0.45408413256004404,0.042137228550427855,0.238773998542915,0.057398078175152314,41
497,5780,7444,8,85.71428571428571,9,0.8250615581729058,0.05239080559604804,0.574182336262724,0.05171084685192096,0.387889657862931,0.04412648837430325,41
509,5574,7294,8,78.0,4,0.6838261672656994,0.0985684250230623,0.4733585546069341,0.07610734122306667,0.2924090431832741,0.05882223613388824,41
511,6016,3274,7,80.0,5,0.7908301768095597,0.03984416858358149,0.5328556567783883,0.0403755492686461,0.3940456910095667,0.0574587904118944,41
510,5568,1618,7,82.66666666666667,4,0.8070643751517587,0.05798327408219237,0.5527749879086913,0.05034106935343187,0.33451504057103937,0.06416624427258023,41
515,5828,7660,8,77.35849056603773,0,0.8732290508285645,0.03401724345825688,0.5621933064633801,0.02913249839850761,0.3681257009025543,0.03864521197351112,41
513,7352,1706,7,86.41975308641975,1,0.43085013512566156,0.08424519763965506,0.2821970134973526,0.043245098391169426,0.13164798023083465,0.03223064652346536,39
520,6022,5746,7,80.43478260869566,0,0.7018676647555687,0.06501950486121354,0.5073231623577977,0.04042564293452331,0.37371989854946436,0.06265953056997367,41
519,5822,2562,7,89.47368421052632,5,0.81663471554579,0.03900533025037892,0.6205988190626438,0.046361423210761414,0.42463462608369446,0.058956501923142064,41
516,6508,2738,8,82.75862068965517,7,0.7477745246435942,0.06382390030843456,0.5186654475021062,0.05176396499554152,0.3263150206781712,0.04855938506899982,41
518,5942,7516,8,81.25,4,0.8026059521861633,0.07701274045926182,0.5312346911956836,0.07455784154422193,0.3917448076916042,0.060359672322049765,15
517,5936,7536,8,88.76404494382022,10,0.8222371967809058,0.06535793812146316,0.5579900449194742,0.11196997932616641,0.4498823609449886,0.09105669275157474,39
522,7336,1340,7,87.14285714285714,2,0.8020923910404854,0.057922492867069256,0.5471437228291403,0.06132184650298285,0.4082680867005714,0.07216114269736038,39
521,6034,6890,7,82.5,1,0.685132572773417,0.10128484346307812,0.45445047536857514,0.09984798529759849,0.31982530889068195,0.09224589766132286,41
514,6400,2502,9,85.91549295774648,4,0.6341994626926807,0.055582330253085004,0.4121239250945792,0.045128377456541836,0.2172803178785334,0.04171842497085044,41
523,7560,1306,7,83.07692307692308,1,0.8389926556406951,0.20754432981892448,0.6496122746872224,0.18955792448284647,0.5666058590296995,0.13014921672728283,39
